cluster,fast_score,consistent_score,reflective_score
0,1.0,0.08892921960072596,0.0
1,1.0,0.24018126888217523,1.0
2,0.0,0.16129032258064516,0.3817204301075269
